ID,Class
5,siren
7,siren
8,siren
9,siren
13,siren
14,siren
16,siren
21,siren
23,siren
25,siren
28,siren
29,siren
30,siren
31,siren
34,siren
39,siren
41,siren
51,siren
53,siren
55,siren
58,siren
62,siren
64,siren
69,siren
70,siren
73,siren
75,siren
85,siren
86,siren
89,siren
94,siren
95,siren
96,siren
98,siren
102,siren
106,siren
107,siren
108,siren
109,siren
110,siren
111,siren
112,siren
115,siren
122,siren
124,siren
126,siren
127,siren
129,siren
133,siren
141,siren
143,siren
144,siren
145,siren
147,siren
150,siren
151,siren
154,siren
155,siren
156,siren
157,siren
158,siren
161,siren
166,siren
169,siren
173,siren
177,siren
180,siren
181,siren
183,siren
190,siren
191,siren
194,siren
195,siren
198,siren
199,siren
201,siren
203,siren
204,siren
205,siren
206,siren
207,siren
209,siren
210,siren
220,siren
225,siren
231,siren
234,siren
237,siren
238,siren
240,siren
241,siren
243,siren
244,siren
254,siren
256,siren
257,siren
259,siren
262,siren
265,siren
266,siren
267,siren
273,siren
274,siren
279,siren
281,siren
283,siren
284,siren
287,siren
289,siren
290,siren
291,siren
292,siren
293,siren
294,siren
296,siren
297,siren
298,siren
302,siren
320,siren
321,siren
325,siren
340,siren
341,siren
344,siren
345,siren
362,siren
373,siren
375,siren
379,siren
384,siren
387,siren
389,siren
390,siren
393,siren
398,siren
399,siren
403,siren
404,siren
405,siren
409,siren
415,siren
416,siren
420,siren
421,siren
422,siren
424,siren
431,siren
432,siren
433,siren
434,siren
439,siren
441,siren
443,siren
448,siren
451,siren
458,siren
460,siren
463,siren
465,siren
466,siren
469,siren
476,siren
478,siren
481,siren
483,siren
487,siren
490,siren
492,siren
494,siren
496,siren
499,siren
502,siren
503,siren
504,siren
505,siren
508,siren
510,siren
514,siren
517,siren
518,siren
521,siren
526,siren
529,siren
530,siren
531,siren
535,siren
536,siren
539,siren
541,siren
545,siren
546,siren
548,siren
550,siren
552,siren
553,siren
558,siren
563,siren
574,siren
577,siren
581,siren
582,siren
588,siren
591,siren
592,siren
595,siren
596,siren
601,siren
602,siren
608,siren
609,siren
616,siren
617,siren
618,siren
625,siren
626,siren
627,siren
628,siren
632,siren
634,siren
637,siren
638,siren
640,siren
641,siren
644,siren
647,siren
649,siren
650,siren
653,siren
667,siren
668,siren
672,siren
674,siren
675,siren
678,siren
680,siren
681,siren
682,siren
696,siren
700,siren
701,siren
706,siren
707,siren
708,siren
711,siren
715,siren
718,siren
723,siren
725,siren
731,siren
736,siren
741,siren
743,siren
745,siren
747,siren
756,siren
759,siren
762,siren
763,siren
767,siren
768,siren
769,siren
774,siren
775,siren
777,siren
779,siren
781,siren
782,siren
786,siren
788,siren
789,siren
793,siren
795,siren
797,siren
800,siren
805,siren
806,siren
808,siren
814,siren
815,siren
818,siren
822,siren
823,siren
827,siren
828,siren
831,siren
836,siren
837,siren
842,siren
846,siren
847,siren
852,siren
856,siren
861,siren
862,siren
866,siren
873,siren
877,siren
879,siren
880,siren
888,siren
890,siren
895,siren
897,siren
902,siren
903,siren
908,siren
909,siren
910,siren
917,siren
918,siren
920,siren
924,siren
931,siren
934,siren
935,siren
936,siren
939,siren
940,siren
942,siren
944,siren
947,siren
949,siren
950,siren
958,siren
960,siren
961,siren
962,siren
966,siren
967,siren
968,siren
969,siren
970,siren
974,siren
976,siren
981,siren
982,siren
983,siren
984,siren
988,siren
989,siren
992,siren
993,siren
994,siren
997,siren
998,siren
999,siren
1002,siren
1005,siren
1009,siren
1010,siren
1011,siren
1012,siren
1013,siren
1016,siren
1019,siren
1020,siren
1023,siren
1031,siren
1033,siren
1035,siren
1037,siren
1039,siren
1041,siren
1046,siren
1050,siren
1053,siren
1057,siren
1060,siren
1064,siren
1065,siren
1067,siren
1073,siren
1075,siren
1081,siren
1084,siren
1086,siren
1093,siren
1094,siren
1095,siren
1097,siren
1099,siren
1101,siren
1102,siren
1103,siren
1104,siren
1107,siren
1108,siren
1109,siren
1110,siren
1111,siren
1114,siren
1117,siren
1121,siren
1122,siren
1123,siren
1124,siren
1125,siren
1127,siren
1128,siren
1130,siren
1132,siren
1135,siren
1136,siren
1138,siren
1140,siren
1141,siren
1142,siren
1144,siren
1146,siren
1153,siren
1154,siren
1155,siren
1159,siren
1161,siren
1163,siren
1164,siren
1165,siren
1166,siren
1167,siren
1169,siren
1170,siren
1171,siren
1172,siren
1173,siren
1177,siren
1178,siren
1179,siren
1184,siren
1185,siren
1190,siren
1192,siren
1193,siren
1194,siren
1196,siren
1197,siren
1198,siren
1199,siren
1201,siren
1202,siren
1204,siren
1207,siren
1208,siren
1211,siren
1212,siren
1213,siren
1215,siren
1216,siren
1221,siren
1222,siren
1223,siren
1225,siren
1227,siren
1229,siren
1233,siren
1234,siren
1238,siren
1239,siren
1247,siren
1249,siren
1250,siren
1253,siren
1254,siren
1258,siren
1260,siren
1263,siren
1264,siren
1266,siren
1268,siren
1274,siren
1280,siren
1281,siren
1282,siren
1283,siren
1284,siren
1285,siren
1288,siren
1290,siren
1291,siren
1293,siren
1299,siren
1304,siren
1307,siren
1309,siren
1313,siren
1315,siren
1320,siren
1324,siren
1325,siren
1331,siren
1333,siren
1336,siren
1340,siren
1342,siren
1343,siren
1344,siren
1348,siren
1354,siren
1359,siren
1360,siren
1362,siren
1364,siren
1369,siren
1372,siren
1373,siren
1374,siren
1375,siren
1376,siren
1379,siren
1382,siren
1383,siren
1387,siren
1389,siren
1391,siren
1392,siren
1395,siren
1397,siren
1401,siren
1402,siren
1403,siren
1406,siren
1407,siren
1408,siren
1410,siren
1411,siren
1413,siren
1416,siren
1420,siren
1421,siren
1422,siren
1424,siren
1426,siren
1427,siren
1429,siren
1430,siren
1433,siren
1434,siren
1438,siren
1439,siren
1440,siren
1441,siren
1442,siren
1443,siren
1445,siren
1451,siren
1453,siren
1455,siren
1456,siren
1457,siren
1463,siren
1464,siren
1465,siren
1466,siren
1474,siren
1476,siren
1482,siren
1484,siren
1486,siren
1487,siren
1490,siren
1494,siren
1495,siren
1499,siren
1504,siren
1505,siren
1507,siren
1509,siren
1513,siren
1514,siren
1519,siren
1522,siren
1524,siren
1526,siren
1533,siren
1535,siren
1538,siren
1539,siren
1541,siren
1543,siren
1544,siren
1545,siren
1553,siren
1557,siren
1559,siren
1566,siren
1568,siren
1572,siren
1575,siren
1576,siren
1577,siren
1580,siren
1582,siren
1583,siren
1585,siren
1587,siren
1590,siren
1592,siren
1594,siren
1595,siren
1596,siren
1600,siren
1609,siren
1610,siren
1611,siren
1617,siren
1619,siren
1620,siren
1622,siren
1624,siren
1625,siren
1627,siren
1631,siren
1637,siren
1638,siren
1641,siren
1642,siren
1643,siren
1644,siren
1645,siren
1646,siren
1650,siren
1654,siren
1655,siren
1657,siren
1658,siren
1659,siren
1662,siren
1665,siren
1668,siren
1670,siren
1671,siren
1676,siren
1682,siren
1683,siren
1684,siren
1685,siren
1691,siren
1692,siren
1693,siren
1694,siren
1696,siren
1698,siren
1700,siren
1707,siren
1710,siren
1712,siren
1717,siren
1721,siren
1723,siren
1726,siren
1732,siren
1733,siren
1735,siren
1740,siren
1742,siren
1743,siren
1747,siren
1752,siren
1753,siren
1756,siren
1757,siren
1758,siren
1759,siren
1762,siren
1764,siren
1770,siren
1772,siren
1775,siren
1778,siren
1781,siren
1784,siren
1785,siren
1788,siren
1790,siren
1793,siren
1797,siren
1798,siren
1799,siren
1804,siren
1810,siren
1811,siren
1814,siren
1815,siren
1821,siren
1823,siren
1824,siren
1833,siren
1835,siren
1838,siren
1844,siren
1845,siren
1846,siren
1851,siren
1852,siren
1855,siren
1857,siren
1859,siren
1860,siren
1861,siren
1862,siren
1865,siren
1875,siren
1878,siren
1880,siren
1882,siren
1884,siren
1885,siren
1887,siren
1888,siren
1900,siren
1902,siren
1903,siren
1905,siren
1906,siren
1907,siren
1909,siren
1911,siren
1912,siren
1915,siren
1920,siren
1926,siren
1928,siren
1930,siren
1931,siren
1934,siren
1939,siren
1942,siren
1951,siren
1953,siren
1954,siren
1955,siren
1959,siren
1961,siren
1962,siren
1964,siren
1965,siren
1969,siren
1972,siren
1975,siren
1979,siren
1981,siren
1983,siren
1984,siren
1985,siren
1989,siren
1990,siren
1993,siren
1995,siren
1998,siren
2003,siren
2005,siren
2006,siren
2007,siren
2011,siren
2012,siren
2014,siren
2015,siren
2021,siren
2024,siren
2027,siren
2030,siren
2032,siren
2034,siren
2035,siren
2039,siren
2041,siren
2044,siren
2046,siren
2052,siren
2053,siren
2058,siren
2059,siren
2060,siren
2061,siren
2062,siren
2065,siren
2068,siren
2069,siren
2071,siren
2074,siren
2075,siren
2076,siren
2079,siren
2085,siren
2086,siren
2088,siren
2092,siren
2093,siren
2097,siren
2100,siren
2109,siren
2110,siren
2111,siren
2112,siren
2114,siren
2115,siren
2118,siren
2119,siren
2120,siren
2128,siren
2131,siren
2136,siren
2137,siren
2143,siren
2146,siren
2147,siren
2151,siren
2153,siren
2155,siren
2158,siren
2159,siren
2161,siren
2164,siren
2165,siren
2166,siren
2167,siren
2172,siren
2175,siren
2176,siren
2177,siren
2178,siren
2181,siren
2183,siren
2187,siren
2189,siren
2202,siren
2203,siren
2207,siren
2208,siren
2211,siren
2213,siren
2214,siren
2215,siren
2221,siren
2222,siren
2223,siren
2231,siren
2232,siren
2234,siren
2239,siren
2242,siren
2243,siren
2245,siren
2248,siren
2255,siren
2257,siren
2261,siren
2263,siren
2266,siren
2267,siren
2268,siren
2270,siren
2271,siren
2272,siren
2274,siren
2276,siren
2280,siren
2281,siren
2283,siren
2284,siren
2285,siren
2286,siren
2288,siren
2289,siren
2292,siren
2294,siren
2296,siren
2298,siren
2305,siren
2311,siren
2315,siren
2316,siren
2317,siren
2320,siren
2321,siren
2322,siren
2325,siren
2326,siren
2328,siren
2331,siren
2334,siren
2336,siren
2337,siren
2341,siren
2342,siren
2346,siren
2348,siren
2350,siren
2352,siren
2355,siren
2356,siren
2357,siren
2359,siren
2361,siren
2362,siren
2365,siren
2367,siren
2370,siren
2374,siren
2375,siren
2376,siren
2377,siren
2381,siren
2383,siren
2385,siren
2387,siren
2391,siren
2392,siren
2393,siren
2396,siren
2397,siren
2399,siren
2400,siren
2406,siren
2407,siren
2409,siren
2417,siren
2422,siren
2423,siren
2426,siren
2429,siren
2431,siren
2434,siren
2435,siren
2436,siren
2437,siren
2440,siren
2442,siren
2451,siren
2457,siren
2459,siren
2467,siren
2469,siren
2471,siren
2472,siren
2475,siren
2476,siren
2481,siren
2482,siren
2483,siren
2486,siren
2490,siren
2491,siren
2492,siren
2495,siren
2496,siren
2500,siren
2502,siren
2504,siren
2508,siren
2514,siren
2518,siren
2519,siren
2520,siren
2521,siren
2522,siren
2525,siren
2527,siren
2528,siren
2530,siren
2533,siren
2535,siren
2537,siren
2540,siren
2546,siren
2551,siren
2554,siren
2556,siren
2559,siren
2561,siren
2562,siren
2563,siren
2565,siren
2566,siren
2579,siren
2583,siren
2589,siren
2590,siren
2591,siren
2599,siren
2602,siren
2606,siren
2609,siren
2611,siren
2615,siren
2617,siren
2618,siren
2621,siren
2622,siren
2626,siren
2627,siren
2628,siren
2629,siren
2630,siren
2631,siren
2633,siren
2635,siren
2638,siren
2642,siren
2643,siren
2649,siren
2654,siren
2655,siren
2656,siren
2660,siren
2663,siren
2667,siren
2670,siren
2672,siren
2673,siren
2675,siren
2681,siren
2683,siren
2688,siren
2692,siren
2693,siren
2694,siren
2696,siren
2698,siren
2701,siren
2704,siren
2708,siren
2712,siren
2715,siren
2716,siren
2719,siren
2720,siren
2724,siren
2727,siren
2729,siren
2731,siren
2734,siren
2735,siren
2737,siren
2742,siren
2743,siren
2745,siren
2748,siren
2749,siren
2753,siren
2755,siren
2758,siren
2759,siren
2761,siren
2762,siren
2767,siren
2768,siren
2772,siren
2777,siren
2778,siren
2782,siren
2786,siren
2793,siren
2796,siren
2798,siren
2799,siren
2803,siren
2804,siren
2806,siren
2809,siren
2810,siren
2812,siren
2814,siren
2816,siren
2817,siren
2818,siren
2820,siren
2822,siren
2823,siren
2826,siren
2827,siren
2833,siren
2834,siren
2838,siren
2839,siren
2841,siren
2843,siren
2844,siren
2845,siren
2847,siren
2848,siren
2852,siren
2853,siren
2856,siren
2859,siren
2860,siren
2861,siren
2866,siren
2867,siren
2868,siren
2874,siren
2876,siren
2877,siren
2879,siren
2880,siren
2882,siren
2883,siren
2885,siren
2886,siren
2888,siren
2893,siren
2894,siren
2895,siren
2897,siren
2904,siren
2905,siren
2906,siren
2908,siren
2916,siren
2919,siren
2923,siren
2937,siren
2938,siren
2941,siren
2947,siren
2948,siren
2949,siren
2952,siren
2953,siren
2958,siren
2964,siren
2965,siren
2967,siren
2968,siren
2970,siren
2973,siren
2975,siren
2977,siren
2978,siren
2979,siren
2981,siren
2985,siren
2990,siren
2999,siren
3000,siren
3002,siren
3005,siren
3007,siren
3009,siren
3010,siren
3015,siren
3017,siren
3019,siren
3022,siren
3023,siren
3025,siren
3028,siren
3029,siren
3031,siren
3035,siren
3039,siren
3040,siren
3041,siren
3043,siren
3044,siren
3045,siren
3047,siren
3048,siren
3049,siren
3053,siren
3057,siren
3058,siren
3059,siren
3064,siren
3065,siren
3067,siren
3072,siren
3073,siren
3076,siren
3079,siren
3080,siren
3083,siren
3084,siren
3086,siren
3088,siren
3090,siren
3093,siren
3100,siren
3106,siren
3107,siren
3109,siren
3111,siren
3113,siren
3114,siren
3116,siren
3119,siren
3122,siren
3124,siren
3129,siren
3132,siren
3134,siren
3137,siren
3139,siren
3141,siren
3142,siren
3145,siren
3149,siren
3158,siren
3166,siren
3173,siren
3174,siren
3175,siren
3181,siren
3183,siren
3184,siren
3193,siren
3198,siren
3201,siren
3203,siren
3204,siren
3208,siren
3210,siren
3212,siren
3217,siren
3219,siren
3222,siren
3224,siren
3228,siren
3234,siren
3241,siren
3242,siren
3243,siren
3245,siren
3247,siren
3249,siren
3251,siren
3252,siren
3253,siren
3255,siren
3256,siren
3260,siren
3263,siren
3265,siren
3269,siren
3274,siren
3280,siren
3282,siren
3284,siren
3287,siren
3289,siren
3290,siren
3295,siren
3300,siren
3303,siren
3304,siren
3309,siren
3311,siren
3312,siren
3313,siren
3314,siren
3315,siren
3326,siren
3327,siren
3329,siren
3335,siren
3339,siren
3340,siren
3341,siren
3342,siren
3346,siren
3348,siren
3356,siren
3359,siren
3361,siren
3366,siren
3368,siren
3372,siren
3374,siren
3377,siren
3378,siren
3380,siren
3382,siren
3384,siren
3385,siren
3386,siren
3391,siren
3393,siren
3396,siren
3402,siren
3403,siren
3405,siren
3408,siren
3410,siren
3411,siren
3412,siren
3414,siren
3421,siren
3424,siren
3426,siren
3427,siren
3428,siren
3430,siren
3431,siren
3438,siren
3440,siren
3447,siren
3448,siren
3450,siren
3456,siren
3457,siren
3460,siren
3463,siren
3466,siren
3468,siren
3472,siren
3476,siren
3479,siren
3484,siren
3485,siren
3487,siren
3488,siren
3490,siren
3494,siren
3497,siren
3498,siren
3500,siren
3502,siren
3505,siren
3506,siren
3511,siren
3512,siren
3513,siren
3521,siren
3524,siren
3527,siren
3530,siren
3532,siren
3535,siren
3541,siren
3544,siren
3552,siren
3553,siren
3557,siren
3558,siren
3559,siren
3562,siren
3563,siren
3564,siren
3565,siren
3570,siren
3571,siren
3572,siren
3573,siren
3575,siren
3576,siren
3578,siren
3581,siren
3586,siren
3589,siren
3592,siren
3593,siren
3594,siren
3600,siren
3601,siren
3602,siren
3605,siren
3612,siren
3615,siren
3616,siren
3617,siren
3618,siren
3620,siren
3623,siren
3625,siren
3631,siren
3633,siren
3635,siren
3636,siren
3638,siren
3641,siren
3643,siren
3650,siren
3651,siren
3655,siren
3665,siren
3667,siren
3673,siren
3677,siren
3684,siren
3690,siren
3692,siren
3693,siren
3694,siren
3699,siren
3701,siren
3704,siren
3705,siren
3707,siren
3710,siren
3712,siren
3713,siren
3715,siren
3716,siren
3720,siren
3722,siren
3723,siren
3727,siren
3730,siren
3733,siren
3736,siren
3737,siren
3740,siren
3743,siren
3744,siren
3746,siren
3748,siren
3755,siren
3757,siren
3761,siren
3767,siren
3768,siren
3769,siren
3773,siren
3774,siren
3775,siren
3777,siren
3779,siren
3780,siren
3786,siren
3789,siren
3793,siren
3794,siren
3795,siren
3796,siren
3797,siren
3801,siren
3802,siren
3804,siren
3807,siren
3809,siren
3810,siren
3812,siren
3814,siren
3815,siren
3817,siren
3818,siren
3824,siren
3825,siren
3826,siren
3829,siren
3831,siren
3832,siren
3835,siren
3837,siren
3841,siren
3845,siren
3849,siren
3852,siren
3856,siren
3857,siren
3858,siren
3862,siren
3865,siren
3867,siren
3872,siren
3873,siren
3874,siren
3875,siren
3876,siren
3892,siren
3897,siren
3899,siren
3901,siren
3904,siren
3907,siren
3908,siren
3912,siren
3913,siren
3917,siren
3922,siren
3923,siren
3926,siren
3928,siren
3931,siren
3935,siren
3937,siren
3942,siren
3946,siren
3949,siren
3950,siren
3952,siren
3953,siren
3954,siren
3957,siren
3958,siren
3961,siren
3963,siren
3964,siren
3971,siren
3974,siren
3976,siren
3977,siren
3979,siren
3980,siren
3989,siren
3990,siren
3991,siren
3995,siren
3996,siren
4005,siren
4007,siren
4008,siren
4013,siren
4016,siren
4019,siren
4020,siren
4023,siren
4025,siren
4026,siren
4031,siren
4033,siren
4034,siren
4035,siren
4036,siren
4037,siren
4040,siren
4042,siren
4043,siren
4047,siren
4048,siren
4051,siren
4052,siren
4053,siren
4059,siren
4060,siren
4061,siren
4063,siren
4065,siren
4071,siren
4072,siren
4074,siren
4079,siren
4082,siren
4088,siren
4090,siren
4092,siren
4098,siren
4099,siren
4105,siren
4107,siren
4108,siren
4109,siren
4112,siren
4113,siren
4114,siren
4115,siren
4116,siren
4120,siren
4124,siren
4127,siren
4132,siren
4133,siren
4136,siren
4141,siren
4144,siren
4145,siren
4147,siren
4148,siren
4149,siren
4150,siren
4151,siren
4152,siren
4153,siren
4154,siren
4156,siren
4157,siren
4165,siren
4167,siren
4173,siren
4176,siren
4177,siren
4185,siren
4186,siren
4187,siren
4188,siren
4192,siren
4194,siren
4195,siren
4196,siren
4202,siren
4208,siren
4209,siren
4211,siren
4212,siren
4213,siren
4214,siren
4215,siren
4219,siren
4221,siren
4223,siren
4225,siren
4229,siren
4230,siren
4233,siren
4237,siren
4238,siren
4240,siren
4243,siren
4245,siren
4250,siren
4251,siren
4258,siren
4259,siren
4261,siren
4264,siren
4266,siren
4268,siren
4269,siren
4270,siren
4271,siren
4275,siren
4276,siren
4280,siren
4282,siren
4283,siren
4284,siren
4292,siren
4294,siren
4295,siren
4296,siren
4298,siren
4300,siren
4302,siren
4304,siren
4305,siren
4306,siren
4308,siren
4309,siren
4310,siren
4312,siren
4315,siren
4318,siren
4321,siren
4322,siren
4325,siren
4329,siren
4330,siren
4332,siren
4334,siren
4336,siren
4339,siren
4340,siren
4342,siren
4343,siren
4344,siren
4345,siren
4347,siren
4348,siren
4354,siren
4355,siren
4357,siren
4360,siren
4368,siren
4370,siren
4373,siren
4376,siren
4377,siren
4380,siren
4383,siren
4385,siren
4387,siren
4388,siren
4391,siren
4395,siren
4398,siren
4399,siren
4402,siren
4403,siren
4404,siren
4405,siren
4407,siren
4409,siren
4410,siren
4414,siren
4419,siren
4421,siren
4423,siren
4434,siren
4435,siren
4441,siren
4445,siren
4447,siren
4448,siren
4452,siren
4455,siren
4457,siren
4460,siren
4465,siren
4466,siren
4468,siren
4469,siren
4470,siren
4471,siren
4477,siren
4478,siren
4479,siren
4484,siren
4488,siren
4489,siren
4494,siren
4495,siren
4496,siren
4497,siren
4501,siren
4505,siren
4507,siren
4508,siren
4512,siren
4516,siren
4517,siren
4518,siren
4519,siren
4520,siren
4524,siren
4533,siren
4537,siren
4538,siren
4543,siren
4544,siren
4546,siren
4548,siren
4550,siren
4551,siren
4552,siren
4553,siren
4555,siren
4558,siren
4560,siren
4564,siren
4565,siren
4567,siren
4576,siren
4577,siren
4579,siren
4580,siren
4582,siren
4586,siren
4587,siren
4588,siren
4590,siren
4591,siren
4593,siren
4594,siren
4596,siren
4597,siren
4600,siren
4603,siren
4605,siren
4606,siren
4608,siren
4615,siren
4620,siren
4621,siren
4624,siren
4626,siren
4627,siren
4631,siren
4638,siren
4639,siren
4642,siren
4644,siren
4649,siren
4654,siren
4656,siren
4660,siren
4664,siren
4670,siren
4671,siren
4673,siren
4675,siren
4678,siren
4681,siren
4687,siren
4689,siren
4691,siren
4694,siren
4696,siren
4699,siren
4700,siren
4701,siren
4706,siren
4709,siren
4710,siren
4711,siren
4712,siren
4713,siren
4717,siren
4719,siren
4720,siren
4727,siren
4731,siren
4734,siren
4738,siren
4744,siren
4751,siren
4757,siren
4760,siren
4761,siren
4765,siren
4768,siren
4771,siren
4772,siren
4773,siren
4774,siren
4777,siren
4779,siren
4780,siren
4782,siren
4797,siren
4798,siren
4802,siren
4808,siren
4809,siren
4811,siren
4812,siren
4813,siren
4814,siren
4815,siren
4816,siren
4817,siren
4818,siren
4819,siren
4825,siren
4831,siren
4838,siren
4841,siren
4845,siren
4848,siren
4849,siren
4850,siren
4855,siren
4856,siren
4859,siren
4862,siren
4865,siren
4868,siren
4869,siren
4871,siren
4872,siren
4874,siren
4875,siren
4876,siren
4878,siren
4882,siren
4885,siren
4891,siren
4892,siren
4893,siren
4897,siren
4898,siren
4901,siren
4908,siren
4910,siren
4915,siren
4922,siren
4929,siren
4930,siren
4932,siren
4933,siren
4935,siren
4936,siren
4939,siren
4941,siren
4944,siren
4946,siren
4949,siren
4951,siren
4954,siren
4955,siren
4957,siren
4958,siren
4967,siren
4969,siren
4971,siren
4975,siren
4977,siren
4978,siren
4979,siren
4980,siren
4981,siren
4982,siren
4983,siren
4987,siren
4995,siren
4998,siren
4999,siren
5000,siren
5006,siren
5007,siren
5008,siren
5009,siren
5012,siren
5014,siren
5015,siren
5016,siren
5018,siren
5020,siren
5024,siren
5026,siren
5027,siren
5030,siren
5036,siren
5039,siren
5041,siren
5047,siren
5048,siren
5050,siren
5053,siren
5054,siren
5056,siren
5061,siren
5062,siren
5066,siren
5070,siren
5078,siren
5079,siren
5080,siren
5083,siren
5086,siren
5087,siren
5090,siren
5091,siren
5093,siren
5097,siren
5098,siren
5101,siren
5102,siren
5104,siren
5105,siren
5108,siren
5111,siren
5113,siren
5115,siren
5116,siren
5120,siren
5123,siren
5124,siren
5126,siren
5131,siren
5136,siren
5137,siren
5139,siren
5143,siren
5144,siren
5145,siren
5150,siren
5152,siren
5153,siren
5155,siren
5156,siren
5160,siren
5161,siren
5162,siren
5163,siren
5164,siren
5166,siren
5167,siren
5168,siren
5170,siren
5179,siren
5182,siren
5184,siren
5185,siren
5187,siren
5192,siren
5193,siren
5194,siren
5197,siren
5203,siren
5204,siren
5207,siren
5208,siren
5212,siren
5213,siren
5215,siren
5220,siren
5222,siren
5224,siren
5229,siren
5230,siren
5231,siren
5232,siren
5235,siren
5238,siren
5240,siren
5242,siren
5245,siren
5249,siren
5250,siren
5252,siren
5254,siren
5256,siren
5258,siren
5260,siren
5261,siren
5267,siren
5269,siren
5273,siren
5274,siren
5275,siren
5276,siren
5280,siren
5282,siren
5285,siren
5286,siren
5287,siren
5288,siren
5293,siren
5295,siren
5296,siren
5298,siren
5300,siren
5301,siren
5303,siren
5305,siren
5306,siren
5311,siren
5317,siren
5318,siren
5325,siren
5327,siren
5330,siren
5332,siren
5334,siren
5335,siren
5337,siren
5339,siren
5341,siren
5342,siren
5346,siren
5349,siren
5354,siren
5355,siren
5358,siren
5362,siren
5363,siren
5365,siren
5366,siren
5367,siren
5368,siren
5372,siren
5375,siren
5377,siren
5379,siren
5381,siren
5383,siren
5386,siren
5387,siren
5388,siren
5392,siren
5393,siren
5396,siren
5399,siren
5401,siren
5402,siren
5404,siren
5408,siren
5410,siren
5413,siren
5419,siren
5420,siren
5421,siren
5422,siren
5424,siren
5425,siren
5428,siren
5430,siren
5431,siren
5434,siren
5439,siren
5440,siren
5442,siren
5443,siren
5446,siren
5449,siren
5450,siren
5451,siren
5453,siren
5454,siren
5455,siren
5457,siren
5458,siren
5462,siren
5463,siren
5464,siren
5467,siren
5468,siren
5469,siren
5470,siren
5471,siren
5474,siren
5475,siren
5478,siren
5479,siren
5482,siren
5484,siren
5485,siren
5490,siren
5491,siren
5496,siren
5500,siren
5501,siren
5502,siren
5506,siren
5510,siren
5516,siren
5517,siren
5520,siren
5525,siren
5527,siren
5529,siren
5531,siren
5532,siren
5536,siren
5538,siren
5539,siren
5541,siren
5549,siren
5550,siren
5551,siren
5552,siren
5555,siren
5563,siren
5567,siren
5568,siren
5569,siren
5573,siren
5575,siren
5576,siren
5578,siren
5579,siren
5580,siren
5581,siren
5584,siren
5590,siren
5591,siren
5593,siren
5595,siren
5596,siren
5602,siren
5603,siren
5604,siren
5606,siren
5608,siren
5617,siren
5618,siren
5620,siren
5621,siren
5622,siren
5629,siren
5630,siren
5632,siren
5633,siren
5636,siren
5643,siren
5646,siren
5647,siren
5648,siren
5651,siren
5656,siren
5657,siren
5665,siren
5666,siren
5667,siren
5674,siren
5675,siren
5677,siren
5679,siren
5685,siren
5686,siren
5688,siren
5693,siren
5694,siren
5696,siren
5700,siren
5703,siren
5708,siren
5717,siren
5718,siren
5720,siren
5727,siren
5728,siren
5729,siren
5737,siren
5738,siren
5743,siren
5747,siren
5748,siren
5749,siren
5752,siren
5753,siren
5754,siren
5756,siren
5759,siren
5766,siren
5775,siren
5776,siren
5777,siren
5779,siren
5781,siren
5782,siren
5785,siren
5787,siren
5789,siren
5792,siren
5793,siren
5794,siren
5795,siren
5797,siren
5798,siren
5801,siren
5803,siren
5804,siren
5805,siren
5807,siren
5809,siren
5810,siren
5811,siren
5812,siren
5814,siren
5819,siren
5821,siren
5823,siren
5828,siren
5830,siren
5831,siren
5834,siren
5836,siren
5838,siren
5839,siren
5843,siren
5845,siren
5846,siren
5849,siren
5853,siren
5855,siren
5860,siren
5861,siren
5866,siren
5868,siren
5872,siren
5873,siren
5875,siren
5878,siren
5880,siren
5883,siren
5884,siren
5885,siren
5894,siren
5895,siren
5896,siren
5898,siren
5899,siren
5905,siren
5910,siren
5911,siren
5913,siren
5916,siren
5919,siren
5920,siren
5923,siren
5924,siren
5929,siren
5930,siren
5931,siren
5935,siren
5938,siren
5939,siren
5945,siren
5946,siren
5955,siren
5956,siren
5958,siren
5959,siren
5961,siren
5965,siren
5967,siren
5969,siren
5970,siren
5971,siren
5972,siren
5973,siren
5974,siren
5975,siren
5978,siren
5979,siren
5981,siren
5986,siren
5987,siren
5991,siren
5993,siren
5998,siren
6000,siren
6006,siren
6008,siren
6011,siren
6018,siren
6024,siren
6028,siren
6032,siren
6036,siren
6037,siren
6038,siren
6039,siren
6042,siren
6043,siren
6044,siren
6045,siren
6048,siren
6052,siren
6057,siren
6058,siren
6060,siren
6062,siren
6064,siren
6065,siren
6067,siren
6069,siren
6071,siren
6073,siren
6075,siren
6076,siren
6078,siren
6084,siren
6090,siren
6093,siren
6097,siren
6102,siren
6105,siren
6106,siren
6110,siren
6111,siren
6112,siren
6113,siren
6114,siren
6122,siren
6124,siren
6125,siren
6126,siren
6127,siren
6128,siren
6135,siren
6143,siren
6146,siren
6147,siren
6148,siren
6150,siren
6155,siren
6157,siren
6164,siren
6166,siren
6167,siren
6168,siren
6176,siren
6178,siren
6182,siren
6184,siren
6185,siren
6186,siren
6190,siren
6192,siren
6195,siren
6199,siren
6200,siren
6201,siren
6202,siren
6203,siren
6207,siren
6208,siren
6209,siren
6216,siren
6218,siren
6221,siren
6223,siren
6225,siren
6226,siren
6228,siren
6231,siren
6233,siren
6236,siren
6237,siren
6238,siren
6240,siren
6242,siren
6246,siren
6250,siren
6251,siren
6252,siren
6253,siren
6254,siren
6257,siren
6261,siren
6264,siren
6267,siren
6269,siren
6273,siren
6275,siren
6276,siren
6277,siren
6280,siren
6281,siren
6285,siren
6289,siren
6299,siren
6301,siren
6302,siren
6303,siren
6306,siren
6307,siren
6312,siren
6313,siren
6315,siren
6316,siren
6320,siren
6325,siren
6330,siren
6334,siren
6342,siren
6344,siren
6349,siren
6350,siren
6352,siren
6353,siren
6356,siren
6360,siren
6361,siren
6362,siren
6363,siren
6365,siren
6368,siren
6369,siren
6373,siren
6383,siren
6384,siren
6385,siren
6386,siren
6388,siren
6390,siren
6391,siren
6396,siren
6397,siren
6398,siren
6399,siren
6400,siren
6401,siren
6405,siren
6406,siren
6407,siren
6410,siren
6415,siren
6419,siren
6421,siren
6425,siren
6428,siren
6429,siren
6430,siren
6433,siren
6438,siren
6439,siren
6444,siren
6447,siren
6458,siren
6465,siren
6470,siren
6471,siren
6472,siren
6476,siren
6479,siren
6481,siren
6482,siren
6485,siren
6488,siren
6489,siren
6491,siren
6492,siren
6494,siren
6495,siren
6499,siren
6501,siren
6503,siren
6504,siren
6513,siren
6514,siren
6519,siren
6525,siren
6526,siren
6532,siren
6533,siren
6538,siren
6539,siren
6540,siren
6541,siren
6545,siren
6554,siren
6561,siren
6564,siren
6567,siren
6569,siren
6571,siren
6576,siren
6577,siren
6578,siren
6581,siren
6582,siren
6584,siren
6585,siren
6586,siren
6587,siren
6588,siren
6590,siren
6591,siren
6593,siren
6594,siren
6597,siren
6598,siren
6601,siren
6605,siren
6611,siren
6612,siren
6613,siren
6615,siren
6617,siren
6622,siren
6624,siren
6625,siren
6627,siren
6632,siren
6636,siren
6639,siren
6645,siren
6646,siren
6650,siren
6657,siren
6658,siren
6663,siren
6666,siren
6669,siren
6670,siren
6672,siren
6673,siren
6675,siren
6678,siren
6680,siren
6682,siren
6684,siren
6685,siren
6686,siren
6687,siren
6688,siren
6690,siren
6695,siren
6697,siren
6699,siren
6700,siren
6701,siren
6702,siren
6704,siren
6705,siren
6706,siren
6707,siren
6709,siren
6711,siren
6713,siren
6718,siren
6720,siren
6727,siren
6733,siren
6743,siren
6744,siren
6745,siren
6751,siren
6756,siren
6758,siren
6761,siren
6762,siren
6766,siren
6776,siren
6780,siren
6784,siren
6785,siren
6787,siren
6788,siren
6789,siren
6794,siren
6795,siren
6796,siren
6798,siren
6799,siren
6801,siren
6803,siren
6805,siren
6806,siren
6807,siren
6808,siren
6809,siren
6814,siren
6825,siren
6827,siren
6828,siren
6833,siren
6834,siren
6838,siren
6842,siren
6843,siren
6845,siren
6848,siren
6849,siren
6854,siren
6858,siren
6859,siren
6861,siren
6862,siren
6863,siren
6867,siren
6868,siren
6870,siren
6873,siren
6874,siren
6876,siren
6884,siren
6885,siren
6887,siren
6890,siren
6894,siren
6897,siren
6899,siren
6904,siren
6905,siren
6913,siren
6916,siren
6917,siren
6919,siren
6921,siren
6924,siren
6927,siren
6930,siren
6936,siren
6940,siren
6941,siren
6944,siren
6950,siren
6951,siren
6952,siren
6953,siren
6957,siren
6959,siren
6960,siren
6962,siren
6964,siren
6968,siren
6972,siren
6978,siren
6980,siren
6983,siren
6987,siren
6988,siren
6989,siren
6994,siren
6995,siren
6996,siren
6997,siren
7011,siren
7021,siren
7023,siren
7024,siren
7033,siren
7034,siren
7037,siren
7038,siren
7043,siren
7044,siren
7045,siren
7047,siren
7050,siren
7056,siren
7058,siren
7071,siren
7080,siren
7089,siren
7090,siren
7092,siren
7093,siren
7097,siren
7098,siren
7099,siren
7101,siren
7102,siren
7103,siren
7104,siren
7106,siren
7117,siren
7119,siren
7120,siren
7122,siren
7123,siren
7125,siren
7127,siren
7128,siren
7130,siren
7132,siren
7134,siren
7135,siren
7139,siren
7146,siren
7147,siren
7152,siren
7158,siren
7160,siren
7164,siren
7165,siren
7166,siren
7167,siren
7168,siren
7173,siren
7181,siren
7182,siren
7183,siren
7184,siren
7186,siren
7188,siren
7189,siren
7192,siren
7193,siren
7199,siren
7208,siren
7209,siren
7210,siren
7214,siren
7219,siren
7220,siren
7225,siren
7229,siren
7230,siren
7234,siren
7236,siren
7237,siren
7238,siren
7239,siren
7243,siren
7246,siren
7248,siren
7254,siren
7255,siren
7261,siren
7266,siren
7267,siren
7268,siren
7270,siren
7271,siren
7273,siren
7276,siren
7281,siren
7282,siren
7283,siren
7286,siren
7288,siren
7289,siren
7290,siren
7291,siren
7293,siren
7295,siren
7296,siren
7299,siren
7300,siren
7301,siren
7303,siren
7304,siren
7306,siren
7308,siren
7310,siren
7312,siren
7314,siren
7317,siren
7318,siren
7324,siren
7325,siren
7327,siren
7334,siren
7335,siren
7339,siren
7341,siren
7342,siren
7348,siren
7350,siren
7351,siren
7353,siren
7355,siren
7356,siren
7357,siren
7363,siren
7365,siren
7368,siren
7371,siren
7373,siren
7390,siren
7391,siren
7393,siren
7394,siren
7395,siren
7396,siren
7397,siren
7402,siren
7406,siren
7407,siren
7411,siren
7413,siren
7415,siren
7416,siren
7420,siren
7421,siren
7422,siren
7427,siren
7428,siren
7433,siren
7434,siren
7435,siren
7438,siren
7440,siren
7441,siren
7442,siren
7444,siren
7445,siren
7453,siren
7454,siren
7461,siren
7464,siren
7466,siren
7470,siren
7473,siren
7474,siren
7477,siren
7480,siren
7481,siren
7484,siren
7485,siren
7486,siren
7487,siren
7489,siren
7491,siren
7492,siren
7496,siren
7498,siren
7502,siren
7511,siren
7512,siren
7514,siren
7515,siren
7517,siren
7526,siren
7527,siren
7533,siren
7534,siren
7535,siren
7536,siren
7537,siren
7540,siren
7544,siren
7545,siren
7546,siren
7549,siren
7551,siren
7554,siren
7555,siren
7557,siren
7559,siren
7562,siren
7564,siren
7571,siren
7572,siren
7575,siren
7583,siren
7587,siren
7588,siren
7590,siren
7591,siren
7594,siren
7603,siren
7605,siren
7606,siren
7608,siren
7615,siren
7616,siren
7621,siren
7624,siren
7627,siren
7628,siren
7630,siren
7632,siren
7635,siren
7637,siren
7640,siren
7643,siren
7647,siren
7649,siren
7652,siren
7654,siren
7658,siren
7659,siren
7660,siren
7661,siren
7662,siren
7663,siren
7666,siren
7667,siren
7668,siren
7670,siren
7676,siren
7678,siren
7684,siren
7691,siren
7692,siren
7693,siren
7695,siren
7698,siren
7701,siren
7703,siren
7704,siren
7708,siren
7709,siren
7714,siren
7716,siren
7717,siren
7719,siren
7722,siren
7728,siren
7731,siren
7732,siren
7737,siren
7741,siren
7746,siren
7749,siren
7752,siren
7753,siren
7755,siren
7757,siren
7758,siren
7760,siren
7763,siren
7764,siren
7767,siren
7771,siren
7772,siren
7773,siren
7774,siren
7778,siren
7781,siren
7782,siren
7786,siren
7789,siren
7790,siren
7793,siren
7794,siren
7797,siren
7798,siren
7799,siren
7801,siren
7803,siren
7805,siren
7808,siren
7809,siren
7811,siren
7812,siren
7815,siren
7816,siren
7820,siren
7823,siren
7832,siren
7834,siren
7840,siren
7841,siren
7847,siren
7848,siren
7849,siren
7851,siren
7852,siren
7857,siren
7859,siren
7863,siren
7864,siren
7866,siren
7877,siren
7878,siren
7884,siren
7885,siren
7886,siren
7887,siren
7888,siren
7889,siren
7894,siren
7895,siren
7902,siren
7903,siren
7905,siren
7906,siren
7907,siren
7912,siren
7913,siren
7915,siren
7921,siren
7923,siren
7924,siren
7925,siren
7926,siren
7934,siren
7937,siren
7940,siren
7945,siren
7947,siren
7948,siren
7950,siren
7953,siren
7957,siren
7958,siren
7960,siren
7962,siren
7967,siren
7968,siren
7971,siren
7972,siren
7973,siren
7974,siren
7983,siren
7984,siren
7986,siren
7987,siren
7991,siren
8001,siren
8003,siren
8005,siren
8006,siren
8007,siren
8010,siren
8011,siren
8015,siren
8017,siren
8018,siren
8019,siren
8023,siren
8026,siren
8030,siren
8031,siren
8038,siren
8039,siren
8040,siren
8041,siren
8044,siren
8045,siren
8051,siren
8054,siren
8056,siren
8059,siren
8063,siren
8065,siren
8066,siren
8070,siren
8082,siren
8083,siren
8087,siren
8089,siren
8091,siren
8094,siren
8096,siren
8098,siren
8102,siren
8107,siren
8109,siren
8112,siren
8113,siren
8115,siren
8116,siren
8117,siren
8120,siren
8121,siren
8123,siren
8124,siren
8126,siren
8129,siren
8132,siren
8134,siren
8136,siren
8138,siren
8139,siren
8141,siren
8147,siren
8149,siren
8153,siren
8157,siren
8158,siren
8159,siren
8160,siren
8162,siren
8163,siren
8164,siren
8165,siren
8169,siren
8170,siren
8175,siren
8178,siren
8179,siren
8186,siren
8196,siren
8197,siren
8198,siren
8203,siren
8204,siren
8206,siren
8207,siren
8209,siren
8212,siren
8214,siren
8218,siren
8222,siren
8223,siren
8224,siren
8225,siren
8226,siren
8230,siren
8235,siren
8237,siren
8240,siren
8242,siren
8245,siren
8248,siren
8250,siren
8254,siren
8255,siren
8256,siren
8267,siren
8269,siren
8273,siren
8275,siren
8276,siren
8278,siren
8281,siren
8284,siren
8286,siren
8288,siren
8290,siren
8291,siren
8292,siren
8295,siren
8298,siren
8301,siren
8303,siren
8304,siren
8309,siren
8312,siren
8316,siren
8319,siren
8320,siren
8321,siren
8326,siren
8328,siren
8329,siren
8331,siren
8336,siren
8339,siren
8340,siren
8341,siren
8342,siren
8343,siren
8348,siren
8349,siren
8350,siren
8355,siren
8358,siren
8359,siren
8362,siren
8363,siren
8367,siren
8371,siren
8372,siren
8373,siren
8374,siren
8375,siren
8376,siren
8379,siren
8383,siren
8385,siren
8388,siren
8389,siren
8390,siren
8394,siren
8398,siren
8400,siren
8402,siren
8404,siren
8405,siren
8408,siren
8413,siren
8414,siren
8415,siren
8418,siren
8423,siren
8426,siren
8433,siren
8436,siren
8439,siren
8451,siren
8452,siren
8454,siren
8455,siren
8456,siren
8461,siren
8463,siren
8468,siren
8478,siren
8480,siren
8481,siren
8487,siren
8488,siren
8489,siren
8490,siren
8494,siren
8495,siren
8497,siren
8504,siren
8505,siren
8506,siren
8509,siren
8516,siren
8517,siren
8521,siren
8525,siren
8528,siren
8529,siren
8530,siren
8532,siren
8533,siren
8537,siren
8541,siren
8545,siren
8548,siren
8549,siren
8550,siren
8551,siren
8554,siren
8555,siren
8556,siren
8557,siren
8559,siren
8561,siren
8563,siren
8566,siren
8567,siren
8572,siren
8573,siren
8574,siren
8576,siren
8577,siren
8583,siren
8585,siren
8591,siren
8592,siren
8593,siren
8600,siren
8601,siren
8602,siren
8606,siren
8608,siren
8619,siren
8622,siren
8623,siren
8629,siren
8631,siren
8633,siren
8634,siren
8638,siren
8642,siren
8645,siren
8647,siren
8648,siren
8652,siren
8655,siren
8661,siren
8662,siren
8668,siren
8669,siren
8671,siren
8672,siren
8674,siren
8680,siren
8683,siren
8686,siren
8687,siren
8688,siren
8689,siren
8692,siren
8696,siren
8697,siren
8698,siren
8700,siren
8702,siren
8708,siren
8718,siren
8719,siren
8730,siren
8731,siren
